ID,Nombre del Producto,Precio Oficial,Precio mínimo,Categoría,Modelo / Marca,Color,Características,Detalle extendido
42,Proyector Android 8K,950,950,Tecnología,Genérico / Android 14.0,Blanco,Proyector inteligente con Android 14 y WiFi.,"Proyector inteligente que cuenta con sistema operativo Android 14 y conexión WiFi integrada, ideal para cine en casa sin necesidad de cables extra."
43,Difusor Humidificador Aromaterapia,130,130,Hogar,Genérico,Blanco,Humidificador con luz nocturna y control remoto.,Humidificador decorativo que incluye luz nocturna y control remoto para un manejo a distancia cómodo.
44,Barra de Sonido para PC,180,190,Audio,SENZER CS30,Negro,Altavoz de escritorio con iluminación RGB.,"Altavoz de escritorio diseñado para gamers o setups de PC, destacando por su iluminación dinámica RGB."
45,Aro de Luz con Soporte Superior,180,180,Tecnología,Pozliv p-light / AIXPI,Negro/Blanco,Brazo articulado para tomas cenitales y streaming.,"Sistema de iluminación con brazo articulado, diseñado específicamente para realizar tomas cenitales (desde arriba) y transmisiones de streaming."
46,Ondulador de Cabello Compacto,260,400,Cuidado Personal,TYMO ROVY,Rosa,Plancha para ondas de cabello tamaño compacto.,"Plancha para crear ondas en el cabello con un diseño de tamaño súper compacto, ideal para llevar en el bolso o de viaje."
47,Vaporizador Facial,160,140,Cuidado Personal,VAM (NTFS),Blanco/Morado,Vaporizador para limpieza facial.,Herramienta de cuidado personal para limpieza facial profunda mediante vaporización.
48,Almohadilla Térmica con Peso,320,320,Cuidado Personal,Comfytemp,Gris/Azul,Manta térmica con control de temperatura.,Manta térmica que incluye control de temperatura ajustable y cuenta con peso adicional para brindar una mayor sensación de relajación.
49,Estación de Carga Inalámbrica 3 en 1,190,170,Tecnología,HM730CCS,Negro,Cargador para teléfono reloj y audífonos.,"Base de carga múltiple que permite cargar simultáneamente un teléfono, un reloj inteligente y audífonos."
50,Luces LED para Gabinete,140,180,Hogar,LOOPTO,Blanco,Luces con sensor y control remoto.,Sistema de iluminación para muebles o gabinetes que se activa mediante sensor e incluye control remoto.
51,Micrófono USB Condensador,270,250,Tecnología,Genérico,Negro,Micrófono para PC/Streaming.,"Micrófono de condensador con conexión USB plug-and-play, optimizado para uso en PC, grabaciones o streaming."
52,Medidor de Humedad sin Clavos,290,250,Herramientas,Proster PST221,Negro/Naranja,Medidor de humedad para madera y paredes.,Herramienta de medición no destructiva (pinless) para calcular la humedad superficial en madera y paredes sin perforar el material.
53,Almohadilla Térmica Eléctrica (Tapete que calienta),290,320,Salud / Cuidado Personal,Comfytemp,Gris,Manta térmica eléctrica con control de temperatura para alivio muscular.,"Tapete eléctrico con control de temperatura, diseñado específicamente para realizar termoterapia y brindar alivio muscular."
54,Proyector Inteligente Aurzen EAZZE D1,950,850,Tecnología,Aurzen EAZZE D1,Blanco,Proyector cine en casa con apps integradas.,Proyector para cine en casa que trae aplicaciones de streaming integradas en su sistema.
55,Quita Pelusas Eléctrico,140,110,Hogar,BEAUTURAL,Turquesa,Removedor de pelusas para ropa y muebles.,Dispositivo motorizado diseñado para remover pelusas y restaurar la textura de ropa y muebles de tela.
56,Proyector de Estrellas Astronauta,140,160,Decoración / Regalos,Genérico,Blanco,Proyecta nebulosas y estrellas verdes.,Lámpara decorativa en forma de astronauta que proyecta efectos de nebulosas y estrellas láser de color verde en paredes y techos.
57,Cámara Inteligente WiFi 2K,320,270,Seguridad / Domótica,Litokam,Negro,Cámara de vigilancia 360 grados.,Cámara de vigilancia para interiores con resolución 2K y capacidad de rotación de 360 grados para un monitoreo completo.
58,Cámara de Seguridad Exterior WiFi,350,250,Seguridad / Domótica,Septekon,Negro,Monitoreo exterior con antenas duales.,"Cámara diseñada para exteriores, equipada con antenas duales para garantizar una conexión WiFi más estable."
59,Calefactor Portátil (Portable Fan Heater),190,160,Hogar,YND-500DS,Negro/Madera,Calefactor de espacio pequeño 900W.,"Mini calefactor de 900W de potencia, ideal para calentar de forma rápida espacios pequeños."
60,Teclado Plegable Bluetooth,290,220,Tecnología,Seenda,Verde/Blanco,Teclado portátil compacto con touchpad.,Teclado portátil de diseño compacto que se dobla sobre sí mismo e integra un touchpad (panel táctil) tipo laptop.
61,Lámpara Bola de Cristal 3D (Diseño Luna),90,80,Decoración / Regalos,Genérico,Transparente/Madera,Luz decorativa grabada en láser.,Lámpara decorativa con diseño de luna grabada en láser dentro de una esfera de cristal.
62,Reloj Despertador Digital LED,80,75,Decoración / Regalos,GH 0712L,Negro,Reloj de números grandes blancos y brillo automático.,Reloj de escritorio con números blancos de gran tamaño y función de ajuste de brillo automático.
63,"Aro de Luz LED 10"" con Trípode",190,150,Tecnología / Iluminación,AIXPI / Modelo L210A,Negro (la estructura y trípode) y Blanco (el difusor del aro),"Aro de luz LED de 10 pulgadas ideal para creadores de contenido, maquillaje, videollamadas y streaming. El kit incluye un trípode de pie ajustable y un soporte interno para colocar el teléfono celular.",Aro de 10 pulgadas ideal para videollamadas o maquillaje. Incluye un trípode de pie ajustable y soporte interno para colocar el celular.
64,Lámpara de Escritorio Arte de Arena 3D,100,100,Decoración / Regalos,Genérico,Azul/Blanco,Elemento decorativo relajante con arena en movimiento.,Cuadro decorativo dinámico donde la arena en su interior fluye creando paisajes relajantes en movimiento.
65,Monitor Portátil,1100,1100,Tecnología,Everleo,Negro,Pantalla adicional para laptops o consolas.,Pantalla externa ultraplana que sirve como segundo monitor para laptops o consolas de videojuegos.
66,Oxímetro de Pulso,150,120,Salud,LiteXim OX301,Blanco,Medidor de oxígeno en sangre.,Dispositivo médico digital de dedo para medir rápidamente los niveles de oxígeno en la sangre.
67,Nivel Láser con Cinta Métrica,110,90,Herramientas,LevelPro3,Negro,Herramienta de medición multipropósito.,"Herramienta 3 en 1 que combina un nivel de burbuja, un láser alineador y una cinta métrica integrada."
68,Kit de Soldador Eléctrico 60W,120,100,Herramientas / Otras,Genérico,Negro,Temperatura ajustable (200-450°C).,Cautín tipo lápiz con perilla para ajustar la temperatura entre 200°C y 450°C.
69,Barra de Sonido para PC,180,190,Audio,SOULION R30,Negro / Gris,Altavoz de escritorio compacto con iluminación LED RGB y perilla lateral iluminada.,Altavoz de escritorio compacto con una perilla lateral iluminada y efectos LED RGB.
70,Lámpara Estaca Solar LED Bola de Cristal,70,70,Hogar / Decoración Exterior,Genérico (Solar Garden Light),Transparente (Bola de cristal craquelado) con estaca Negra,Lámpara decorativa para exteriores y jardines que no requiere cableado. Panel solar integrado en la base que carga la batería durante el día y luz cálida.,Lámpara de exteriores estilo bola de cristal craquelado. Totalmente inalámbrica gracias a su panel solar que carga la batería durante el día.
71,Plancha Corrugada para Cabello (Crimper),190,130,Cuidado Personal / Belleza,Dmriektu,Negro,"Plancha diseñada con placas texturizadas (""Super hard heating plate"") especiales para crear volumen desde la raíz y ondas tipo crimped. Cuenta con calentamiento ultrarrápido, diseño de doble voltaje (100-240V) ideal para viajes, cable giratorio de 360°, ajuste de temperatura y función de apagado automático a los 60 minutos por seguridad. Además, incluye un guante térmico protector.","Plancha de doble voltaje (100-240V) con placas texturizadas especiales para dar volumen desde la raíz. Tiene cable giratorio 360°, ajuste de temperatura y auto-apagado a los 60 minutos."
72,Plancha de Cabello Profesional,180,130,Cuidado Personal / Belleza,T-Buy / Modelo QY-1088A,Plateado,"Plancha alisadora profesional (Professional Flat Iron) con calentamiento rápido, temperatura de hasta 230°C/450°F, cable giratorio de 360 grados y doble voltaje (100-240V).","Alisadora de calentamiento rápido capaz de llegar a 230°C/450°F, con diseño de doble voltaje y cable giratorio."
73,Rizador de Cabello de Tubo Largo,280,280,Cuidado Personal / Belleza,TYMO,Blanco,"Rizador con tubo extra largo (7.2 pulgadas), doble recubrimiento cerámico y bandas de silicona para crear rizos definidos y duraderos.","Rizadora especializada con un tubo extra largo (7.2 pulgadas), doble recubrimiento de cerámica y bandas de silicona para mejor agarre del cabello."
74,Combo Teclado y Mouse Inalámbrico,220,190,Tecnología / Computación,Leadsail,Verde Menta,"Combo de teclado completo con pad numérico y mouse inalámbrico silencioso. Diseño ultra delgado y estético. Conexión 2.4GHz con un solo receptor USB, teclas de tijera de bajo perfil y modo de suspensión automática.",Combo ultra delgado de conexión 2.4GHz mediante un solo receptor USB. El teclado tiene pad numérico y teclas de tijera; el mouse es silencioso y ambos cuentan con modo de suspensión.
75,Lámpara de Neón LED (Letra F),50,70,Decoración / Regalos,Genérico,Multicolor,Lámpara decorativa en forma de letra F con luces LED RGB multicolores. Se conecta mediante cargador de pared.,"Luz decorativa en forma de F con iluminación LED RGB multicolor, funcional al conectarse a un cargador de pared estándar."
76,Oxímetro de Pulso Digital de Dedo,150,100,Salud / Cuidado Personal,JUMPER / JPD-500G,Negro,"Medidor digital de saturación de oxígeno (%SpO2), frecuencia cardíaca (bpmPR) e índice de perfusión (PI%). Pantalla LED nítida, incluye estuche y cordón de transporte.","Medidor avanzado de saturación de oxígeno, frecuencia cardíaca e índice de perfusión. Posee pantalla LED de alta nitidez e incluye estuche.

* Oxímetro de Pulso Certificado por La CE.

* Conexión a Bluetooth.

* La Aplicación puede ser descargada desde dispositivos Android y IPhone.

* Recomendado para Adultos.

* Encendido: Botón ubicado en la Zona delantera del producto.

* Apagado: Automático, Luego de 6 Segundos sin uso.

* Mide parámetros de Saturación (%Sp02), Frecuencia Cardíaca (bpmPR) e Índice de Perfusión (PI%).

* Barra de Pulso.

* Rango de medición de La Saturación: 35% - 99%.

* Rango de medición de La Frecuencia Cardíaca: 35 bpm - 250 bpm.

* Rango de medición del Índice de Perfusión: 0% - 20%.

* Pantalla tipo LED de 1 Color.

* Utiliza 2 Pilas AAA.

* Dimensiones: 58 mm * 32 mm * 32,9 mm.

* Peso: 50,4 Gramos.

* Temperatura de Funcionamiento: 5°C - 40°C.
"
77,Tira de Luces LED con Sensor,90,90,Hogar / Iluminación,Genérico,Blanco (Luz Cálida/RGB),"Cinta LED con sensor de movimiento infrarrojo humano, conexión USB y temporizador de 4 niveles. Ideal para bordes de cama o escaleras.",Cinta luminosa con sensor infrarrojo de movimiento humano. Se alimenta vía USB y cuenta con temporizador de apagado de 4 niveles.
78,bolígrafo de impresión 3D SCRIB3D P1,185,160,Tecnología / Arte y Diseño,SCRIB3D P1,Azul / Celeste,"Bolígrafo de impresión 3D para crear figuras y objetos tridimensionales a mano alzada. Cuenta con pantalla de temperatura, control deslizante de velocidad regulable y boquilla antiatasco compatible con filamentos PLA y ABS.","Bolígrafo para modelado 3D a mano alzada. Incluye boquilla antiatasco, pantalla de temperatura, control de velocidad de flujo y soporta filamentos PLA y ABS."
79,Parlante Bluetooth con Luz Nocturna y Carga Inalámbrica 15W,210,160,Tecnología / Audio,Genérico / 966-M6064Q,Blanco,"Dispositivo 3 en 1 que integra altavoz Bluetooth de alta fidelidad, lámpara LED táctil con iluminación ambiental multicolor y soporte con cargador inalámbrico rápido de hasta 15W.","Altavoz inalámbrico multifuncional con base de apoyo para smartphone. Posee luz nocturna LED táctil regulable, audio de alta fidelidad y estación de carga rápida Qi de 15W (requiere cargador de pared QC 2.0 o superior mayor a 18W para la carga rápida)."
80,Lupa de Mano con Luz LED,100,70,Herramientas / Hogar,AIXPI / HD LED,Blanco/Negro,"Lupa de 107mm de diámetro con iluminación LED HD, ideal para lectura detallada, manualidades o niños.","Lupa de gran tamaño (107mm) que integra iluminación LED HD, perfecta para trabajos manuales y lectura fina."
81,Radios Walkie Talkie (Par),220,190,Comunicación / Tecnología,Hunicom H-628,Naranja/Negro,"Radios portátiles de 2 vías con monitoreo de canal dual, función VOX, CTCSS/DCS y potencia ajustable.","Par de radios bidireccionales portátiles equipados con monitoreo de doble canal, función manos libres (VOX), códigos de privacidad (CTCSS/DCS) y ajuste de potencia."
82,Pantalla Inteligente 9 pulgadas con Carplay y Android Auto,420,350,Automotriz / Tecnología,Jzones / Q9S,negro,"Actualiza el interior de tu vehículo en minutos con nuestra Pantalla Inteligente de 9 pulgadas. Disfruta de navegación GPS, música, llamadas manos libres y cámara de reversa conectando tu celular sin cables vía Apple CarPlay o Android Auto. Su diseño 'Plug & Play' no requiere modificar el tablero original de tu auto.","- **Pantalla:** Táctil HD de 9 pulgadas (formato ultra ancho, ideal para ver el mapa).
- **Conectividad:** Apple CarPlay y Android Auto de manera inalámbrica (te conectas por Bluetooth/WiFi desde tu celular a la pantalla).
- **Audio:** Transmite el sonido a los parlantes originales de tu auto a través de transmisor FM o cable AUX.
- **Cámaras:** Incluye cámara frontal (Dashcam integrada en la parte trasera de la pantalla) y cámara de reversa para parquear.
"
83,- Reloj Despertador Digital LED,100,75,Decoración / Electrónica,MOGONE,negro,Reloj Despertador digital,"- **Pantalla:** LED de gran tamaño con acabado tipo espejo (Mirror finish).
- **Funciones:** Hora (12/24h), Fecha, Temperatura (C°/F°) y Alarma con Snooze.
- **Brillo Ajustable:** Varios niveles de brillo para no molestar la vista durante la noche.
- **Extra:** Puerto USB integrado en la carcasa para conectar el cable de carga de tu celular."
84,Switch KVM DisplayPort 8K Dual Monitor para 4 PCs con USB 3.0,1200,900,Computación / Conectividad,Desconocido,,"Maximiza tu productividad y domina tu setup. Con este Switch KVM Pro 8K puedes controlar hasta 4 computadoras diferentes usando solo 2 monitores, 1 teclado y 1 mouse. Disfruta de una calidad visual extrema con soporte para 8K a 60Hz y 4K a 144Hz, perfecto para diseñadores, programadores y gamers exigentes.","- **Resolución Máxima:** Soporta resoluciones extremas como 8K@60Hz y 4K@144Hz a través de DisplayPort 1.4.
- **Conectividad Múltiple:** Permite conectar hasta 4 computadoras y proyectarlas en 2 monitores extendidos o duplicados.
- **Puertos Periféricos:** 3 puertos USB 3.0 de alta velocidad (5Gbps) para compartir teclado, mouse, impresoras o discos duros.
- **Audio:** Salida de audio dedicada (Jack 3.5mm) para audífonos o parlantes."
85,Medidor de Humedad de Suelo para Plantas y Jardinería,55,45,Hogar / Jardinería,Suplong,verde,"¡No más plantas ahogadas o secas! Este medidor de humedad te indica al instante cuándo es el momento perfecto para regar tus plantas. Su diseño analógico es 100% libre de baterías: solo clava la varilla en la tierra de tu maceta o jardín y la aguja te dirá si el suelo está seco, húmedo o mojado. Ideal para cualquier amante de la jardinería.","- **Tipo:** Analógico (Lectura de humedad por aguja y colores).
- **Escala de Colores:** Rojo (Seco - regar ya), Verde (Húmedo - ideal), Azul (Mojado - no regar).
- **Diseño:** Sonda de metal (varilla) que se introduce en la tierra y un cabezal de plástico ABS con el lector.
- **Mantenimiento:** Fácil de limpiar, simplemente pasar un paño seco por la varilla metálica después de usar."
86,Adaptador de PS2 a HDMI,35,25,Gaming / Accesorios,Genérico,negro,"¡No dejes que tu PlayStation 2 junte polvo! Con este adaptador 'Plug & Play' podrás conectar tu clásica PS2 directamente a cualquier televisor Smart moderno o monitor que tenga entrada HDMI. Juega tus clásicos favoritos de la infancia sin configuraciones complicadas, obteniendo una señal digital estable y clara.","- **Conversión:** Pasa la señal de video analógica del PlayStation 2 a digital HDMI (Pass-through, no escala la imagen a 4K, respeta la resolución original del juego).
- **Audio Extra:** Cuenta con una entrada Jack de 3.5mm para conectar auriculares o parlantes externos si se desea.
- **Formato:** Pequeño dongle que se conecta directo al puerto AV Multi Out de la consola."
87,Hub USB-C Anker 5 en 1 con HDMI 4K y PD,220,180,Computación / Accesorios,"Anker
",plateado,"¡Expande el potencial de tu laptop ultradelgada! Las MacBooks y laptops modernas solo traen puertos tipo C, pero con este Hub Anker 5-en-1 recuperas tus conexiones esenciales. Añade 2 puertos USB ultrarrápidos, salida HDMI 4K para monitores, y un puerto de carga rápida PD de 100W para que no te quedes sin batería mientras trabajas.","- **Video:** 1 puerto HDMI que soporta resolución hasta 4K@30Hz para TVs y monitores.
- **Transferencia de Datos:** 2 puertos USB-A 3.0 de alta velocidad (5 Gbps) y 1 puerto USB-C extra de datos (dependiendo del modelo exacto).
- **Carga (Pass-Through):** 1 puerto USB-C Power Delivery (PD) que soporta hasta 100W. (Permite cargar la laptop al mismo tiempo que usas el hub).
- **Material:** Diseño compacto y elegante en aluminio resistente para disipar el calor."
88,Base de Carga Inalámbrica Anker 318,160,130,Celulares / Accesorios,"Anker
",negro,Di adiós a los cables enredados y dale a tu escritorio un toque minimalista con la Base de Carga Inalámbrica Anker 318. Su diseño con textura de tela anti-deslizante cuida tu celular mientras lo carga con certificación Qi de hasta 10W. Solo pon tu celular encima y olvídate.,"- **Potencia:** Carga rápida de 10W para dispositivos Android (Samsung) compatibles, y 7.5W para iPhones.
- **Diseño:** Perfil ultra delgado, con una superficie recubierta de tela antideslizante para evitar rayones en el teléfono.
- **Case Friendly:** Puede cargar a través de carcasas de hasta 5mm de grosor (siempre y cuando no sean de metal o tengan imanes gruesos).
- **Seguridad:** Tecnología MultiProtect de Anker (Control de temperatura y protección contra sobretensión)."
89,Ventilador ARGB Thermalright 120mm para PC,170,140,Computación / Componentes,Thermalright,varios,"¡Dale vida y máxima refrigeración a tu PC Gamer sin romper la alcancía! Este increíble combo incluye 3 ventiladores Thermalright de 120mm con iluminación ARGB sincronizable y rodamientos silenciosos S-FDB. Capaces de llegar a 1550 RPM, mantendrán tu equipo frío y luciendo espectacular por una fracción del costo de otras marcas.","- **Cantidad:** El paquete incluye 3 ventiladores (3-Pack).
- **Rendimiento:** Velocidad máxima de 1550 RPM (±10%), proporcionando un flujo de aire potente (66.17 CFM).
- **Iluminación:** ARGB direccionable (conector 3-pin 5V), compatible con software de placas base (Aura Sync, Mystic Light, RGB Fusion, etc).
- **Silencio y Durabilidad:** Rodamiento avanzado S-FDB (Fluid Dynamic Bearing) que reduce la fricción, logrando un ruido máximo de solo 25.6 dBA.
- **Material:** Aspas de polímero PBT súper resistente y gomas anti-vibración en las esquinas."
90,Pack 2 Bandejas (Caddies) de Disco 2.5 para Servidor HP G10,220,180,Servidores / Accesorios,Genérico,,"¡Expande el almacenamiento de tu servidor corporativo sin contratiempos! Este pack incluye 2 bandejas (caddies) de 2.5 pulgadas SFF, 100% compatibles con servidores HP Proliant Gen10 (DL360, DL380). Soportan discos SAS, SATA o unidades NVMe Hot-Swap e incluyen todos los tornillos necesarios para una instalación inmediata.","- **Compatibilidad de Servidor:** Diseñado para la generación HP ProLiant Gen10 (especialmente modelos DL360 y DL380). *(Nota: También suele ser retrocompatible con Gen8 y Gen9 SFF).*
- **Formato de Disco:** 2.5 pulgadas SFF (Small Form Factor). Sirve para discos mecánicos pequeños y para SSDs.
- **Interfaces Soportadas:** SAS, SATA y NVMe.
- **Hot-Swap:** Cuenta con el mecanismo de palanca y luces LED indicadoras preparadas para extracción en caliente.
- **Incluye:** 2x Bandejas Caddy y 8x Tornillos de montaje."
91,Termostato Inteligente WiFi para Calefacción (BHT-006GALW),280,250,Domótica / Smart Home,OEM (Tuya Compatible),,"¡Controla el clima de tu hogar desde tu celular! Este termostato inteligente WiFi está diseñado específicamente para sistemas de calefacción por suelo radiante (agua). Su elegante pantalla táctil LED se integra perfectamente a la pared. Programa horarios, ajusta la temperatura desde el trabajo y llega a una casa siempre cálida usando la app Tuya Smart o tu voz con Alexa y Google Home.","- **Compatibilidad del Sistema:** Modelo **BHT-006GALW** (GA = Water Heating). Diseñado para controlar válvulas de agua en sistemas de suelo radiante. (Carga máxima de 5A).
- **Conectividad:** Conexión WiFi 2.4GHz para control remoto vía Apps (Tuya / Smart Life). Compatible con Amazon Alexa y Google Assistant.
- **Pantalla:** Panel LED táctil, diseño ultra delgado sin bordes que se funde con la pared.
- **Programación:** Soporta modo de programación 5+1+1 (Lunes a Viernes, Sábado y Domingo por separado) con 6 periodos de tiempo por día.
- **Precisión:** Sensor interno de alta precisión (±1°C)."
92,Pack 4 Enchufes Inteligentes WiFi ANTELA con Monitor de Energía (13A),320,280,Domótica / Smart Home,ANTELA,blanco,"¡Convierte cualquier electrodoméstico de tu casa en inteligente! Este super pack incluye 4 enchufes WiFi compatibles con Alexa y Google Home. Úsalos para programar encendidos y apagados automáticos desde tu celular, y lo mejor de todo: incluyen un medidor de energía en vivo para saber exactamente cuánta luz está gastando tu refrigerador o televisor al mes.","- **Cantidad:** El paquete incluye 4 Enchufes Inteligentes (4-Pack).
- **Monitor de Energía:** Chip integrado que registra el consumo en vatios (Watts) y genera gráficos de historial de gasto diario y mensual en la aplicación.
- **Control Remoto y de Voz:** Compatible con la app ""Smart Life"" (o Tuya) y con asistentes de voz (Alexa y Google Assistant).
- **Amperaje:** Soporta hasta 13A (en la versión listada), lo cual es ideal para lámparas, ventiladores, televisores, computadoras y pequeños electrodomésticos. (Para aires acondicionados de alta potencia se recomienda verificar el consumo pico).
- **Material:** Plástico ignífugo (retardante de fuego) con protección contra sobrecargas."
93,"Sensor de Movimiento por Radar Wi-Fi LinknLink eMotion Ultra, Detección de Movimiento Humano, Compatible con Home Assistant, Alexa y Google Home, No Requiere Hub",490,450,Smart Home,LinknLink,blanco,"El LinknLink eMotion Ultra no es un simple sensor de movimiento, es un **radar de presencia de 60GHz** de última generación. Capaz de detectar micro-movimientos como la respiración o los latidos del corazón, sabe exactamente si estás en la habitación aunque estés durmiendo o sentado inmóvil. Incluye control universal infrarrojo (IR), sensor de luz, temperatura y humedad, permitiéndote automatizar toda tu casa desde una sola app o mediante Home Assistant (Local MQTT), Alexa y Google Home. Sin necesidad de Hubs adicionales.","- **Radar mmWave 60GHz**: Detección de presencia ultra precisa (detecta respiración y micro-movimientos).
- **Zonas Múltiples**: Permite configurar hasta 4 zonas de detección independientes y rastrear hasta 4 personas simultáneamente.
- **IR Blaster 360° integrado**: Control universal para TV, aire acondicionado y equipos de sonido (alcance hasta 15m).
- **Sensores Ambientales**: Sensor de luz integrado, y cable externo incluido para medir temperatura y humedad.
- **Conectividad**: Wi-Fi 2.4GHz y Bluetooth. Compatible nativamente con Home Assistant (MQTT Local), Alexa, Google Home y Siri."
94,"Sensor de Alarma de Puerta Wi-Fi Tuya Smart (Chatthen), Notificaciones en App, Compatible con Alexa y Google Home",120,100,Smart Home / Seguridad,Chatthen (Tuya Compatible),blanco,"Asegura tu hogar o negocio en minutos con este Sensor Magnético Wi-Fi. Recibe notificaciones instantáneas y gratuitas en tu celular a través de la app Tuya Smart cada vez que alguien abre una puerta, ventana o cajón seguro. Se conecta directamente a tu Wi-Fi (sin necesidad de Hubs costosos) y es 100% compatible con Alexa y Google Home para consultas por voz. Instalación fácil y sin cables.","- **Conectividad**: Wi-Fi 2.4GHz directo (no requiere Hub ni centrales de alarma adicionales).
- **Aplicación**: Compatible con Tuya Smart o Smart Life (iOS y Android).
- **Notificaciones**: Alertas push en tiempo real al teléfono.
- **Ecosistema**: Soporta control por voz y rutinas con Amazon Alexa y Google Assistant.
- **Montaje**: Instalación rápida con cinta adhesiva de doble cara 3M (incluida)."
95,Mini Módulo Atenuador (Dimmer) Inteligente Wi-Fi + RF ,90,70,Smart Home / Iluminación,Tuya / Eco-Newleaf,blanco,"Transforma cualquier foco o luz en inteligente sin cambiar su apariencia. Este mini módulo receptor se oculta en el techo o detrás de las cajas eléctricas y te permite encender, apagar y **regular el brillo (Dimmable)** de tus focos usando la App Tuya Smart desde tu celular, o por comandos de voz con Alexa y Google Home. Además, al contar con tecnología RF, puedes emparejarlo con interruptores inalámbricos cinéticos para agregar un interruptor extra donde quieras sin picar la pared ni pasar cables. (Nota: Solo incluye el módulo receptor, el interruptor cinético se vende por separado o funciona directo desde la app).","- **Doble Tecnología**: Wi-Fi 2.4GHz para control por celular (Tuya Smart / Smart Life) y voz (Alexa/Google), más tecnología RF 433MHz para emparejar con interruptores cinéticos inalámbricos.
- **Función Dimmer (Atenuación)**: Permite regular la intensidad de luz de 0 a 100% (solo compatible con focos regulables/dimmables Triac).
- **Carga Soportada**: Hasta 500W para focos normales, y entre 100W a 150W para focos LED regulables.
- **Instalación Oculta**: Su tamaño ultra compacto permite ocultarlo en el cielo raso o en las cajas rectangulares de luz."
96,"Hub Gateway Tuya ZigBee Multimodo, Control Remoto Inalámbrico Smart Home, App Tuya, Gateway WLAN y Bluetooth",320,280,Smart Home / Hubs,Tuya Genérico,blanco,"Convierte tu casa en un verdadero hogar inteligente sin limitaciones. Este ""Cerebro"" (Gateway Multimodo) es capaz de unificar todos tus dispositivos Tuya conectando sensores ZigBee y Bluetooth en una sola app, sin saturar tu router Wi-Fi. Pero eso no es todo: ¡Viene con un Emisor Infrarrojo (IR) incorporado! Esto significa que también funciona como un control remoto universal para prender, apagar y regular tu Aire Acondicionado, Televisor o ventilador de techo desde cualquier parte del mundo o con tu voz.","- **Conectividad Multimodo**: Soporta dispositivos ZigBee 3.0, Bluetooth (BLE Mesh) y se conecta a tu red Wi-Fi de 2.4GHz para sincronizarse con la nube.
- **Control Universal Infrarrojo (IR)**: Alcance de 360 grados (hasta 8-10 metros) para controlar TVs, aires acondicionados, decodificadores y más equipos con control remoto clásico.
- **Capacidad de Dispositivos**: Permite administrar y agrupar un gran número de sub-dispositivos (sensores, focos, cerraduras) de manera local.
- **Ecosistema y Voz**: Totalmente compatible con la App Tuya Smart o Smart Life, Amazon Alexa y Google Assistant."
97,Interruptor de Luz Inteligente Wi-Fi Táctil (1 Botón) - CozyLife / Apple HomeKit,140,110,Smart Home / Iluminación,CozyLife (Apple HomeKit),blanco,"Moderniza tu casa con este elegante interruptor táctil de cristal templado. Se conecta directamente a tu Wi-Fi para que puedas encender y apagar las luces desde tu celular o con la voz. ¿Tienes iPhone? Este modelo (DS-101HK) está certificado para funcionar nativamente con la App ""Casa"" de Apple (HomeKit), además de Siri, Alexa y Google Home. Olvídate de picar paredes: su tecnología híbrida permite instalarlo en casas antiguas aunque no tengan cable Neutro.","- **Panel**: Cristal templado anti-rayaduras con botón táctil iluminado.
- **Ecosistema (El gran diferenciador)**: Compatible nativamente con **Apple HomeKit** a través de la app CozyLife. También soporta Amazon Alexa y Google Assistant.
- **Instalación Híbrida**: Soporta cableado con Neutro (N+L) o Sin Neutro (Solo Línea - L), volviéndolo compatible con el 100% de los hogares.
- **Carga Máxima**: Hasta 600W (Si se instala con Neutro) o 200W (Si se instala Sin Neutro).
- **Conectividad**: Wi-Fi 2.4GHz (No requiere Hub adicional)."
98,Lector de Tarjetas RFID Ultradelgado para Control de Acceso,220,180,Seguridad / Control de Acceso,Genérico (OEM),negro,"Agrega elegancia y máxima seguridad a tus ingresos con este Lector de Tarjetas RFID Ultradelgado. Su carcasa de metal plateado no solo le da un aspecto premium a cualquier pared, ascensor o torniquete, sino que cuenta con protección ""Anti-Metal"" para evitar interferencias y garantizar lecturas rápidas de tarjetas y llaveros a distancia. Ideal para conectarse a cualquier panel de control de acceso profesional mediante protocolo estándar Wiegand (26/34 bits).","- **Formato y Diseño**: Ultradelgado (85 x 85 x 10 mm), fabricado en metal plateado resistente y duradero. 
- **Frecuencia**: 125KHz (Compatible con tarjetas y llaveros estándar ID / EM4100).
- **Protocolo de Comunicación**: Wiegand 26 y Wiegand 34 (Universal, compatible con casi todos los paneles del mercado).
- **Protección**: Diseño con blindaje anti-metal para evitar pérdidas de señal al instalarlo sobre superficies metálicas (como marcos de aluminio).
- **Lectura Rápida y Sensible**: Alta sensibilidad que permite transmisiones largas y respuesta en fracciones de segundo."
99,"Interruptor de Luz BSEED 1 Botón 2 Vías (Conmutable), Panel de Cristal, Sin Tornillos",55,45,Iluminación / Interruptores Arquitectónicos,BSEED,Negro,"Dale un toque de lujo a tu hogar con este interruptor de diseño arquitectónico. Su panel frontal está fabricado íntegramente en cristal templado negro sin tornillos a la vista, ofreciendo una estética moderna y limpia. Su botón cuenta con un tacto mecánico/oscilante de alta calidad. Además, al ser un modelo ""2 Vías"" (Conmutable), es perfecto para instalar en escaleras o pasillos donde necesitas encender la luz al principio y apagarla al final. *(Nota: Es un interruptor físico tradicional de lujo, no requiere internet ni configuración Wi-Fi).*","- **Panel Frontal**: Cristal templado negro resistente a rayaduras, con un acabado brillante y fácil de limpiar (se le puede pasar un paño húmedo sin riesgo).
- **Mecanismo**: Botón oscilante ""Táctil"" (físico/mecánico) con capacidad de 10 Amperios (hasta 2500W).
- **Tipo de Circuito**: 1 Botón, 2 Vías (Conmutable / Three-way). Permite emparejarse con otro interruptor conmutable para controlar el mismo foco desde dos lugares distintos.
- **Armado**: Diseño sin tornillos frontales (placa a presión) y marco de montaje metálico para máxima durabilidad en la pared."
100,Activador CarPlay OBD2 NTG5S1 para Mercedes-Benz Series A/B/CLA/GLA/GLE/CLS,280,200,Automotriz / Diagnóstico y Scanner,Genérico (OBD2),azul,"¡No pagues cientos de dólares en concesionarias! Desbloquea las funciones ocultas de fábrica de tu Mercedes-Benz en solo 1 minuto con este Activador Plug & Play OBD2. Simplemente conéctalo al puerto de diagnóstico de tu auto, espera que reinicie la pantalla, y listo: tendrás acceso completo a Apple CarPlay y Android Auto en la pantalla original de tu Mercedes (Sistema NTG5.1). Mantén la originalidad de tu vehículo sin desarmar nada.","- **Compatibilidad de Software**: Solo para sistemas Mercedes-Benz COMAND NTG5.1 (también conocido como NTG5S1).
- **Vehículos Compatibles**: (Fabricados entre finales de 2015 y 2018). Clase A (W176), Clase B (W246), CLA (C117), GLA (X156), GLE (W166/W292), GLS (X166) y CLS (W218).
- **Funcionalidad**: Modifica la computadora del vehículo (coding) vía puerto OBD2 para habilitar de forma permanente los protocolos de Apple CarPlay y Android Auto que vienen ocultos de fábrica.
- **Diseño**: Módulo tipo dongle (Plug & Play) en color azul/celeste. No requiere cables adicionales."
101,"Kit de Instalación Fija (Hardwire) de 3 Cables ACC para Dash Cam, USB-C 12V-24V, Protección de Bajo Voltaje",140,100,Automotriz / Accesorios y Cámaras,Genérico (OEM),rojo,"Libera el encendedor de cigarrillos de tu auto y activa el codiciado ""Modo Estacionamiento"" de tu Dash Cam. Este kit de instalación fija (Hardwire Kit) se conecta directamente a la caja de fusibles de tu vehículo de forma oculta. Su chip inteligente monitorea la batería de tu auto y corta la energía si detecta que el voltaje baja demasiado, garantizando que tu cámara grabe 24/7 sin dejarte tirado sin batería al día siguiente.","- **Conector Principal**: USB-C (Compatible con Dash Cams modernas).
- **Sistema de 3 Cables (3-Lead)**: 
  - 🟡 **Amarillo (BAT+):** Energía constante de la batería (graba 24/7).
  - 🔴 **Rojo (ACC):** Energía de accesorios (le avisa a la cámara cuando apagas el motor para entrar en modo estacionamiento).
  - ⚫ **Negro (GND):** Tierra / Chasis.
- **Protección de Bajo Voltaje:** Corta la corriente si la batería del auto cae a 11.8V (para autos 12V) o 23.6V (para camiones 24V).
- **Entrada/Salida:** Entrada 12V-24V. Salida 5V 2A/3A."
102,"Monitor de Temperatura y Humedad Wi-Fi, Sensor Higrómetro y Termómetro Inteligente",110,90,Smart Home / Sensores,Genérico (Tuya),blanco,"Toma el control del clima en tu hogar o negocio desde tu celular. Este sensor inteligente monitorea en tiempo real la temperatura y la humedad de cualquier habitación, enviándote alertas a tu teléfono si hace demasiado frío, calor o si el ambiente está muy seco. Ideal para cuartos de bebés, invernaderos, bodegas de vino o cuartos de servidores. Además, puedes crear rutinas automáticas para encender el aire acondicionado o humidificador si tienes otros enchufes inteligentes.","- **Conectividad**: Wi-Fi 2.4GHz (No necesita un Hub o Gateway extra, se conecta directo al router de tu casa).
- **App**: Compatible con Tuya Smart y Smart Life (Android & iOS).
- **Ecosistema**: Compatible con comandos de voz de Amazon Alexa y Google Assistant.
- **Funciones**: Gráficos de historial por día/mes/año, alertas de temperatura alta/baja, y creación de escenas automatizadas."
103,"Presentador Inalámbrico USB, USB-C, Clicker para PowerPoint con Puntero Láser Rojo",65,50,Computación / Accesorios para Oficina,KUIYN,Negro,"¡No más adaptadores molestos! Este presentador inalámbrico premium cuenta con un receptor Dual ""2 en 1"", compatible tanto con los puertos USB tradicionales (USB-A) como con los nuevos puertos USB-C de las MacBooks modernas. Pasa tus diapositivas, maneja el volumen, y resalta puntos clave con su potente láser rojo con un rango de hasta 100 metros. Ideal para conferencias, defensas de tesis y clases universitarias.","- **Receptor Dual 2-en-1**: El dongle magnético que se guarda en la base tiene dos puntas: USB-A (tradicional) y USB-C.
- **Rango de Operación**: Frecuencia 2.4GHz con alcance de hasta 100 metros (300 pies).
- **Funciones de Botones**: Avance/Retroceso de página, Pantalla Negra, Pantalla Completa, Control de Volumen, Enlace a Hipervínculos, y Puntero Láser Rojo.
- **Material**: Plástico ABS mate con botones de silicona suave y diseño ergonómico."
104,Ambientador Solar Cinético para Tablero de Auto (Accesorio Decorativo),40,30,Automotriz / Accesorios Interior,"RAYHONG
",Negro,"¡El accesorio que es tendencia en redes! Este pequeño gadget para tu tablero no solo decora el interior de tu auto con su diseño giratorio impulsado por energía solar, sino que también difunde un agradable aroma en tu vehículo. Funciona sin baterías ni cables y le da un toque moderno e intrigante a tu cabina.","- **Funcionamiento**: Motor giratorio impulsado 100% por luz solar (no usa pilas ni cables).
- **Material**: Plástico ABS / Aleación ligera.
- **Doble Función**: Accesorio decorativo cinético y ambientador/difusor de aromas (suele incluir un pequeño anillo perfumado en la base).
- **Tamaño**: Muy compacto, diseñado para pegarse con adhesivo doble cara sobre el tablero del auto sin obstruir la vista."
105,"Divisor de Encendedor de Auto de 2 Tomas, Adaptador Cargador Dual USB 12V/24V",50,40,Automotriz / Accesorios Interior,Genérico Automotriz,Negro,"¡No te quedes sin enchufes en tu auto! Este práctico adaptador convierte el encendedor único de tu vehículo en una central eléctrica. Ofrece 2 tomas de encendedor tradicionales (perfectas para conectar tu Dash Cam, GPS o aspiradora) y 2 puertos USB para cargar simultáneamente tu celular o tablet. Compatible tanto con autos (12V) como con camiones (24V).","- **Entrada de Energía**: 12V / 24V DC (Universal para todo tipo de vehículos).
- **Salidas**: 2x Tomas de Encendedor (Cigarette Lighter Sockets) + 2x Puertos USB tipo A.
- **Material**: Plástico ABS resistente al calor y contactos metálicos.
- **Diseño**: Compacto con cable extensor o de conexión directa (dependiendo de la variante exacta). Suele incluir un fusible de protección interno."
106,Control Remoto de Repuesto por Voz para Amazon Fire TV Stick,130,100,Televisión / Accesorios,Genérico,Negro,"¿Perdiste o se rompió el control de tu Fire TV? Este control remoto de repuesto exacto te devuelve el mando de tu televisor al instante. Incluye micrófono integrado para búsqueda por voz con Alexa y botones de acceso directo a Netflix, Prime Video, Disney+ y Hulu. Sincronización fácil en segundos.","- **Compatibilidad Extensa**: Funciona con Fire TV Stick 4K, 4K Max, Lite, 2da Gen, 3ra Gen, Fire TV Cube (1ra y 2da Gen) y televisores inteligentes de Amazon (Insignia/Pioneer Fire TV Edition).
- **Incompatibilidad**: NO funciona con los primeros modelos viejos (Fire TV Stick 1ra Gen o Fire TV caja de 1ra/2da Gen).
- **Funciones Inteligentes**: Botón de micrófono azul para Alexa Voice.
- **Accesos Directos**: Botones dedicados para Netflix, Prime Video, Disney+ y Hulu."
107,Control Remoto de Repuesto por Voz L5B83G para Amazon Fire TV Stick,130,100,Televisión / Accesorios,Genérico,Negro,La solución inmediata si perdiste o se rompió tu control de Fire Stick. Este modelo (L5B83G) es el repuesto exacto y oficial para la gran mayoría de dispositivos Amazon modernos. Cuenta con el botón de micrófono para comandos de Alexa y todos los controles de navegación que ya conoces. ,"- **Modelo Específico**: L5B83G (Tercera Generación).
- **Compatibilidad Excelente**: Funciona con Fire TV Stick (2da Gen, 3ra Gen), Fire TV Stick 4K, Fire TV Stick Lite y Fire TV Cube (1ra y 2da Gen).
- **Incompatibilidad**: NO funciona con Smart TVs básicos que no sean de Amazon, ni con el Fire TV Stick de 1ra Generación.
- **Funciones**: Búsqueda por voz (Alexa), anillo de navegación y botones multimedia estándar. *(Nota: A diferencia del NOV-106, este modelo suele venir con un diseño más minimalista en botones de acceso directo)*."
108,Cargador PD 20W con Cable USB-C de 2 Metros (KEEPMUR),120,100,Celulares / Accesorios,KEEPMUR,Blanco,"El compañero esencial para tu nuevo iPhone o iPad. Este combo incluye el potente adaptador de corriente USB-C de 20W para una carga ultrarrápida y segura, junto con un resistente cable USB-C a USB-C capaz de soportar hasta 60W de transferencia de energía. Perfecto para la oficina, la casa o para llevar en la mochila.","- **Modelo de Fábrica**: KEEPMUR YSC-07T.
- **Potencia del Adaptador**: 20W Max. Salidas inteligentes (5V/3A, 9V/2.22A, 12V/1.67A) con tecnología Power Delivery (PD).
- **El Cable**: Longitud extendida de **2 metros** (2M). Conectores USB-C en ambos extremos con protectores plásticos azules en las puntas (para transporte).
- **Certificaciones**: Cumple con normativas CE, UKCA y RoHS (no contiene materiales peligrosos)."
109,"Cable de Carga Retráctil 3 en 1 Universal (Micro USB, Tipo C, Lightning) - 1.2m",60,50,Celulares / Accesorios,CAFELE,Negro,"Olvídate del enredo de cables en tu auto o en tu mochila. Este elegante cable retráctil de la marca CAFELE se estira hasta 1.2 metros y cuenta con 3 cabezales universales: Tipo C (Android modernos), Lightning (iPhone) y Micro USB (dispositivos antiguos o accesorios). ¡Puedes cargar hasta 3 aparatos al mismo tiempo! Cuando terminas, tiras un poco de él y se enrolla solo.","- **Diseño**: Mecanismo circular retráctil plano. Extensible desde 20cm hasta 1.2 metros (4ft).
- **Conexiones**: 1 conector USB-A (para conectar al cubo de pared o al auto) que se divide en 3 puntas: Lightning (Apple), Tipo C y Micro USB.
- **Material**: Cable plano de goma TPE de alta resistencia, anti-enredos.
- **Marca**: CAFELE (Fabricado en Shenzhen, alta calidad en accesorios)."
110,"Cable de Carga Retráctil 3 en 1 Universal (Micro USB, Tipo C, Lightning) - 1.2m",120,100,Celulares / Accesorios,Genérico,Blanco,"Maximiza la velocidad de carga de tu iPhone con este adaptador de pared de 30W de potencia real (tecnología Power Delivery). Incluye el cable para conectar directo a tu celular y cargarlo del 0 al 50% en menos de media hora. Ideal para usuarios exigentes de iPhone 13 Pro Max y 14 Pro Max que requieren más de 20W para cargar rápido. *(Requiere adaptador de enchufe)*.
","- **Potencia del Adaptador**: 30W (Salida USB-C PD). Soporta múltiples voltajes: 5V/3A, 9V/3A, 12V/2.5A, 15V/2A, 20V/1.5A.
- **Tipo de Enchufe**: **TIPO G (Enchufe Británico / UK)** de 3 patas rectangulares anchas.
- **Cable Incluido**: El cable es USB-C a **Lightning** (la entrada plana de los iPhones tradicionales), NO es USB-C a USB-C."
111,Cable Adaptador J&D USB-C a Encendedor de Auto Hembra (12V),50,40,Automotriz / Accesorios Interior,J&D,Negro,"¿Tienes una cámara de seguridad para el auto, un GPS o luces LED y quieres probarlos en tu casa antes de instalarlos? Este cable adaptador toma la energía de cualquier cargador de pared moderno o PowerBank (mediante USB-C) y la convierte mágicamente en un tomacorriente de cigarrera de auto (12V). Diseño compacto y reforzado con cable trenzado.","- **Conexiones**: Entrada USB-C (Macho) a Salida de Encendedor de Cigarrillos de Auto (Hembra).
- **Potencia Máxima (SÚPER IMPORTANTE)**: 12V / 1.5A = **18W Máximo**.
- **Materiales**: Plástico resistente y cable trenzado de nylon negro de alta durabilidad.
- **Marca**: J&D (Diseñado en New York).
- **Longitud**: 30 centímetros (1 pie)."
112,Cargador 26V para Aspiradora Inalámbrica Hoover H-Free (Enchufe UK) - 13W,120,100,Electrodomésticos / Accesorios,Genérico,Negro,"¿Se perdió o se rompió el cargador de tu aspiradora inalámbrica Hoover? No tienes que tirar la aspiradora a la basura. Este cargador de repuesto de 26V (13W) está diseñado específicamente para revivir las aspiradoras de la serie H-Free (modelos 100, 200, 300, 400, 500, 700 y 800). *Requiere adaptador de enchufe británico (UK)*.","- **Modelo del Adaptador**: CGW-2605.
- **Entrada (Input)**: AC 100-240V, 50/60Hz (Multivoltaje, perfecto para Bolivia).
- **Salida (Output)**: 26V / 0.5A (13W de potencia). Conector de barril redondo (positivo al centro, negativo afuera).
- **Enchufe**: Tipo G (Enchufe Británico / UK) de 3 patas gruesas rectangulares."
113,Interruptor Aislador de Ventilador 3 Polos 10A (Cromo Pulido) - Alliance,90,70,Ferretería / Electricidad,Alliance,metal,Dale el toque final de elegancia y seguridad a tu baño o cocina. Este interruptor aislador de 3 polos de la marca Alliance es esencial para la instalación segura de extractores de aire con temporizador. Su acabado en Cromo Pulido (espejo) y su placa plana de bajo perfil lo convierten en la opción perfecta para remodelaciones de lujo o diseños arquitectónicos modernos.,"- **Tipo de Interruptor**: Aislador de Ventilador de 3 Polos (Permite desconectar Fase Permanente, Fase Conmutada y Neutro simultáneamente por seguridad).
- **Corriente Nominal**: 10 Amperios.
- **Estética**: Placa frontal plana con acabado de Cromo Pulido (Mirror Chrome). Inserto plástico color negro alrededor del botón.
- **Botón**: Rocker (balancín) metálico."
114,Adaptador USB-C a Lightning RAVIAD de 36W con Cordón,35,25,Celulares / Accesorios Apple,Genérico,Plomo,"¿Compraste un cable USB-C o te prestaron un cargador de Android y no le hace a tu iPhone? Con este pequeño adaptador mágico, puedes transformar cualquier cable USB-C moderno en un cargador Lightning para tu iPhone o iPad antiguo. Soporta carga rápida (hasta 36W) y transferencia de datos. Además, viene con un práctico cordón de silicona para que lo amarres a tu cable favorito y nunca lo pierdas.","- **Conexiones**: Entrada Hembra (USB-C) a Salida Macho (Lightning de Apple).
- **Potencia Máxima**: Soporta hasta 36W de carga rápida (PD Fast Charging).
- **Extra**: Incluye Lanyard (cordón) de silicona gris antipérdida.
- **Marca**: RAVIAD. Carcasa de aleación de aluminio disipadora de calor."
115,Disco Transductor Ultrasónico para Chimenea Optimyst (M-011B),150,130,Electrodomésticos / Repuestos,Ultransmit,,¿Tu chimenea eléctrica de lujo dejó de hacer el efecto de humo o fuego en 3D? El problema casi siempre es que el disco transductor se llenó de sarro y dejó de vibrar. Con este repuesto original (modelo M-011B) tu chimenea Dimplex Optimyst volverá a generar ese hermoso vapor frío que parece fuego real. ,"- **Modelo**: M-011B (Ultransmit). Es el repuesto estándar de la industria.
- **Funcionamiento**: Usa vibración ultrasónica de alta frecuencia para atomizar el agua (convertirla en niebla fría).
- **Vida Útil**: Es un ""consumible"", se daña con los años por el sarro del agua."
116,Guirnalda de Luces Solares en Forma de Abeja,60,50,Hogar / Iluminación Exterior,SNOMYRS,,"Dale vida y alegría a tu jardín, balcón o patio sin gastar un centavo en electricidad. Esta hermosa guirnalda solar de 6.4 metros cuenta con 30 luces LED en forma de abejas que brillan en un hermoso color ""Blanco Cálido"". Tienen 8 modos de iluminación (parpadeo, desvanecimiento, fijas, etc.) y se encienden solas cuando anochece. ¡Totalmente a prueba de lluvia!","- **Longitud**: 21 pies (6.4 metros) de cable.
- **Luces**: 30 LEDs encapsulados en plástico con forma de abejas. Color Blanco Cálido (Warm White).
- **Modos de Luz**: 8 modos diferentes (incluyendo fijo, ondas, secuencial, flash, desvanecimiento lento, etc.) controlados con un botón trasero.
- **Resistencia al Agua**: IP65 (Soportan lluvia y riego de aspersores sin problemas)."
117,Guirnalda de Luces LED Enchufable (Modelo PS-GY-304),50,40,Hogar / Iluminación Interior,FANSIR / lights4fun,,"¡Lleva la magia a cualquier habitación! Esta guirnalda de luces LED ""Warm White"" (Blanco Cálido) es perfecta para decorar dormitorios, cabeceras de cama, espejos o usar en fiestas y bodas. A diferencia de las luces a pila, estas se enchufan directo a la corriente y brillan con muchísima intensidad. Vienen con un cable transparente que se disimula perfecto y un control remoto para cambiar los modos y configurar el apagado automático.","- **Luces**: LEDs color Blanco Cálido (Warm White).
- **Cable**: Transparente (se disimula perfectamente en paredes claras o telas).
- **Control**: Incluye switch manual en el cable y un Control Remoto completo (marca Lights4fun)."
118,Guirnalda de Luces LED de Alambre de Cobre a Pilas ,60,50,Hogar / Iluminación Interior,,,"El toque mágico que le falta a tu decoración. Estas ""Luces Hada"" vienen en un alambre de cobre ultra delgado y flexible que puedes moldear alrededor de botellas, plantas, centros de mesa o espejos. Como funcionan a pilas, no necesitas estar cerca de un enchufe, lo que las hace perfectas para bodas, disfraces o decoración rápida. ¡Además, el alambre es sumergible en agua!","- **Alambre**: Cobre ultra delgado y flexible, fácil de moldear.
- **Resistencia al agua**: Las luces y el alambre tienen protección **IP65** (Se pueden meter dentro de una botella o florero con agua). *Nota: La cajita de las pilas NO es a prueba de agua.*
- **Color de Luz**: Blanco Cálido (Warm White)."
119,Guirnalda de Luces Hada a Pilas Impermeable - Koopower,70,60,Hogar / Iluminación Interior,Koopower,,"¡Lleva la luz a donde quieras, llueva o truene! Este pack incluye 2 guirnaldas de luces ""Warm White"" con cable transparente, diseñadas para resistir la intemperie (IP65). A diferencia de las luces comunes, su caja de baterías está sellada herméticamente contra el agua. Tienen 8 modos de iluminación divertidos. ¡Perfectas para árboles del jardín, terrazas, camping o eventos al aire libre!","- **Resistencia Extrema**: Todo el conjunto (incluyendo la caja de baterías blanca) cuenta con **Sello Impermeable (Waterproof IP65)**, haciéndolas ideales para Exteriores.
- **Cable y Luces**: Cable de PVC Transparente (no cobre desnudo), más robusto. Color de luz Blanco Cálido.
- **8 Modos de Luz**: Fijas, Desvanecimiento, Olas, Disco, Flash, Twinkle, etc."
120,Luces de Cortina Modelo W0201M010L/W0220M200L,90,70,Decoración e Iluminación,Genérico,,"Decora tus espacios con esta espectacular cortina de luces LED de 3x3 metros. Cuenta con 300 LEDs brillantes, es resistente al agua (IP44) y funciona con cualquier puerto USB (cargadores, powerbanks, laptops). Ideal para eventos, fiestas, dormitorios o decoración navideña. Viene con prácticos ganchos en cada una de sus 10 tiras para una instalación fácil.","- **Dimensiones:** 3 metros de ancho x 3 metros de alto (9.8ft x 9.8ft).
- **Cantidad de luces:** 300 focos LED distribuidos en 10 tiras.
- **Grado de impermeabilidad:** IP44 (resistente a salpicaduras, apto para exteriores moderados).
- **Diseño:** Incluye ganchos plásticos en cada tira para facilitar el colgado."
121,"Guirnalda de Luces LED a Batería (8 Modos, Cable Transparente)",55,40,Decoración e Iluminación,,,"Crea ambientes mágicos y acogedores en cualquier lugar, ¡sin depender de enchufes! Esta guirnalda de luces LED ""Fairy Lights"" cuenta con cable transparente súper discreto, luz cálida romántica y 8 modos de iluminación. Funciona a baterías, por lo que es perfecta para decorar centros de mesa, jardines, frascos, dormitorios o fiestas. ","- **Tipo de Luz:** LED, tono Blanco Cálido (Warm White).
- **Cable:** Cable PVC Transparente (fácil de disimular en cualquier decoración).
- **Modos de Luz:** 8 modos integrados en la caja de control (Fijo, parpadeo, desvanecimiento, ondas, etc.)."
122,Guirnalda de Luces LED Solares (Pack x2),70,50,Iluminación Exterior,FANSIR,,"¡Ilumina tu jardín sin gastar en electricidad! Este espectacular Pack de 2 Guirnaldas de luces LED solares es ideal para decorar exteriores, patios y plantas. Cuentan con un panel solar independiente de alta eficiencia, encendido automático de noche, múltiples modos de luz y temporizador (8H). Su fino alambre de cobre permite darle la forma que desees.","- **Marca y Modelo:** FANSIR (Modelo FS-DT074).
- **Material:** Alambre de cobre flexible (permite moldear las luces alrededor de troncos o rejas).
- **Resistencia al clima:** Diseñadas para exteriores (impermeables).
- **Contenido del Paquete:** 2x Tiras de Luces LED, 2x Paneles Solares, 2x Estacas para tierra, 2x Soportes de pared."
123,Pantalla Inteligente para Auto (Wireless Car Stereo),320,240,Automotriz / Tecnología,Alltoneed / RC07,Negro,"Pantalla 'Plug & Play' para vehículos sin alterar el estéreo original. Soporta Apple CarPlay y Android Auto de forma inalámbrica. Destaca por su conectividad multimedia: incluye puertos USB y ranura para tarjeta TF (MicroSD) para reproducir música y videos locales. También cuenta con la función ""PhoneLink"" (AirPlay/Cast) para duplicar la pantalla del celular y ver videos. El audio se puede transmitir a los parlantes del auto mediante su transmisor FM o cable AUX. (Nota: No incluye cámara integrada, pero posee entrada de video).",Funciona conectada directamente a la energía del vehículo (12V/24V) mediante un cable DC (tipo barril) hacia el puerto del encendedor.
124,"Explorador OBD2 Bluetooth SinoTrack, herramienta de escaneo de diagnóstico para auto",250,200,Automotriz,SinoTrack,Negro,"¡Convierte tu celular en una herramienta de diagnóstico automotriz profesional! El escáner OBD2 SinoTrack te permite leer y borrar códigos de error del motor en segundos. Compatible con iOS y Android, te muestra datos en tiempo real de tu vehículo como temperatura, sensores y batería. Es pequeño, fácil de usar y te ahorrará cientos de bolivianos en visitas al mecánico. Ideal para llevar en la guantera de tu auto.","- **Conectividad:** Inalámbrica vía Bluetooth 4.2 (rápido y estable, chip mejorado que lee un 80% más rápido).
- **Compatibilidad del Vehículo:** Funciona con la mayoría de vehículos a gasolina y diésel ligero compatibles con OBDII (generalmente del 1996 en adelante).
- **Compatibilidad del Celular:** Funciona con iOS (iPhone), Android y Windows.
- **Funciones:** Lee y borra códigos de falla, muestra datos en vivo (temperatura del refrigerante, oxígeno, flujo de aire, consumo de combustible), testeo del sistema EVAP y voltaje de batería.
- **Diseño:** Plug-and-play, compacto y fácil de almacenar."
125,Ahuyentador Ultrasónico de Roedores y Plagas con Luz LED para Auto y Hogar,220,180,Automotriz,HARIKIKI,Negro,"¡Protege el cableado de tu vehículo y tu hogar de roedores indeseados! El ahuyentador HARIKIKI emite ondas ultrasónicas de frecuencia variable y potentes destellos de luz LED que resultan insoportables para ratones y otras plagas, sin causarles daño físico ni utilizar químicos. Ideal para instalar bajo el capó del auto, en el ático o en el jardín. Totalmente seguro para humanos y mascotas domésticas.","- **Tecnología Dual:** Emisión de ultrasonido de frecuencia variable (16 kHz - 65 kHz) para evitar que las plagas se acostumbren, combinado con luces LED estroboscópicas.
- **Seguridad:** 100% humano y ecológico. No usa químicos, venenos ni trampas. Inaudible y seguro para humanos y mascotas (perros/gatos).
- **Uso Multipropósito:** Diseñado principalmente para el compartimento del motor del auto, pero también apto para áticos, garajes y jardines.
- **Área de Cobertura:** Efectivo en espacios cerrados o semi-cerrados."
126,"Kit de Luces LED GEAMENT para Lego Nissan Skyline GT-R R34 (Speed Champions
  76917)",180,150,Coleccionables,GEAMENT,,"¡Dale vida a tu Nissan Skyline de Rápido y Furioso! Este kit de luces LED premium de la marca GEAMENT está diseñado a medida para encajar perfectamente en el set LEGO Speed Champions 76917. Ilumina los faros delanteros y traseros de esta icónica nave de Brian O'Conner para que resalte en tu repisa o escritorio. OJO: ¡El vehículo de LEGO NO está incluido, este producto es exclusivamente el kit de luces para quienes ya tienen el auto armado!","- **Compatibilidad Exclusiva:** Diseñado MILIMÉTRICAMENTE para el set LEGO Speed Champions 76917 (Nissan Skyline GT-R R34). No sirve para otros modelos.
- **Componentes:** Cables ultra-finos que pasan desapercibidos entre los bloques de LEGO, focos LED de alta intensidad para faros delanteros y traseros.
- **Instalación:** Se instalan desarmando pequeñas partes del auto ya construido, siguiendo el manual. Sin necesidad de pegamento ni modificaciones destructivas a tus bloques.
- **IMPORTANTE:** EL SET DE LEGO NO ESTÁ INCLUIDO (Solo se vende el circuito de luces)."
127,Cable de Extensión para Remolque / Chata de 7 Pines (Tipo Resorte),280,230,Automotriz,Genérico,Negro,"¡Que tus luces de remolque nunca fallen en la carretera! Este cable de extensión de 7 pines (estándar europeo) es la conexión eléctrica perfecta entre tu vehículo y tu remolque (chata), caravana o camión. Su diseño tipo resorte (espiral) se estira y se retrae automáticamente, evitando que el cable arrastre por el suelo, se ensucie o se rompa en curvas cerradas. Equipado con pines de bronce de alta conductividad para garantizar que tus guiñadores y luces de freno funcionen siempre y de manera segura.","- **Conectores:** Macho a Hembra de 7 pines (conector redondo, estándar europeo). Pines de bronce con corte en cruz para un agarre firme y máxima conductividad eléctrica.
- **Cable:** Diseño en espiral (tipo resorte) recubierto de PU/TPU grueso. Resiste aceite, desgaste, rayos UV del sol y climas extremos sin cuartearse.
- **Diseño Ergonómico:** Plástico negro de alta resistencia a los impactos, con muescas de agarre para conectar y desconectar fácilmente."
128,"Adaptador Bluetooth Smof para Auto con Manos Libres, Aislador de Ruido y Cargador USB Dual",220,140,,,,"¡Actualiza el estéreo de tu auto antiguo a la última tecnología sin desarmar nada! El Kit Bluetooth Smof te permite escuchar música desde tu celular y hacer llamadas en manos libres con una claridad de audio impresionante. A diferencia de adaptadores baratos, este kit incluye un aislador de ruido que elimina el molesto zumbido de fondo (estática de motor). Además, trae un cargador de encendedor con puerto USB dual para que tu celular nunca se quede sin batería mientras viajas.","- **Conexión Inalámbrica:** Bluetooth de alta fidelidad, se empareja automáticamente al encender el auto. Admite conexión simultánea con 2 celulares.
- **Aislador de Ruido de Bucle de Tierra:** Filtro físico especial incluido que se conecta al cable AUX para eliminar el zumbido eléctrico causado por el alternador del auto.
- **Manos Libres:** Micrófono integrado en la consola de control. Permite contestar, rechazar y colgar llamadas con un solo botón, además de controlar la música (pausa, play, siguiente).
- **Carga Dual:** Incluye enchufe para el encendedor de cigarrillos con doble puerto USB, permitiendo energizar el Bluetooth y cargar tu teléfono al mismo tiempo."
129,Adaptador de Enchufe Universal para Viajes Internacionales,120,100,Viajes,Genérico,Negro,"¡Que tus dispositivos nunca se queden sin batería, sin importar a qué país viajes! Nuestro Adaptador Universal Todo en 1 es el compañero de viaje definitivo. Con sus pines retráctiles, se adapta a los enchufes de Estados Unidos, Europa, Reino Unido, Australia y más de 150 países. Su diseño compacto cabe en cualquier maleta y elimina la necesidad de llevar múltiples adaptadores estorbosos. ","- **Compatibilidad Global:** Sistema de pines deslizantes que cubre los estándares US (Estados Unidos/Bolivia), EU (Europa), UK (Reino Unido) y AUS/NZ (Australia/Nueva Zelanda).
- **Puertos Extras:** (Nota: Verificar físicamente si el modelo específico que tienes en stock cuenta con puertos USB-A o USB-C en los laterales, muy común en estos modelos).
- **Material:** Plástico ignífugo (resistente al fuego) de alta calidad.
- **Diseño:** Cubo compacto ""All-in-One""."
130,"Fuente de Alimentación Universal (Multivoltaje 3V-12V, 2A) con 8 Puntas y Puerto USB",150,90,Electrónica,Alsisk,Negro,"¿Perdiste el cargador original de tu router, teclado musical, cámara de seguridad o juguete favorito? ¡No tires tu aparato a la basura! Esta Fuente de Alimentación Universal soluciona el problema de los cargadores perdidos o quemados. Es ajustable desde 3V hasta 12V e incluye 8 puntas intercambiables para adaptarse al 99% de los aparatos electrónicos del hogar. Además, trae un puerto USB extra para cargar tu celular al mismo tiempo.","- **Voltaje de Entrada:** 100V - 240V AC (Soporta la corriente estándar de Bolivia 220V sin problemas).
- **Voltaje de Salida Ajustable (DC):** 3V / 4.5V / 5V / 6V / 7.5V / 9V / 12V. (Se selecciona con una pequeña llave o perilla incluida).
- **Amperaje Máximo:** 2A (2000mA). Es suficientemente potente para routers modernos, tiras LED, cámaras de seguridad y teclados musicales.
- **Puntas Intercambiables:** Incluye 8 conectores (barrel jacks) de diferentes tamaños para asegurar compatibilidad con casi cualquier entrada cilíndrica.
- **Puerto Extra:** Incluye una salida USB de 5V (2.1A máximo) para cargar teléfonos o enchufar dispositivos USB simultáneamente."
131,Estación de Carga USB XTD-0515 de 8 Puertos Cargador Múltiple USB-C de Carga Rápida,180,150,Accesorios para Celulares,Xintaide,Blanco,"¡Olvídate de las peleas por el cargador! Esta estación de carga múltiple de 8 puertos te permite cargar todos los dispositivos de la familia al mismo tiempo. Cuenta con 4 puertos USB-A y 4 puertos USB-C, incluyendo un puerto C1 de carga ultrarrápida (20W PD / PPS) ideal para los últimos iPhones y Samsungs. Con su amplio voltaje de 100-240V, es perfecto tanto para el hogar como para la oficina.","- **Modelo:** Xintaide XTD-0515 (P/N: XTD2037-0503000BH)
- **Puertos Totales:** 8 puertos (4 USB-C y 4 USB-A)
- **Salida USB-A (A1/A2/A3/A4):** 5V / 3A (Compartida)
- **Salida USB-C (C2/C3/C4):** 5V / 3A (Compartida)
- **Salida USB-C1 (Carga Rápida):** 5V / 3A, 9V / 2.22A, 12V / 1.67A (Aprox. 20W Max PD). Compatible con PPS: 3.3V-11V / 2A (22W Max)."
132,"Cargador Universal Inteligente 65W PD Tipo-C para Laptops, Tablets y Celulares",220,180,Accesorios para Laptops & mobiles,Genérico,Negro,"No dejes que tu laptop se apague a mitad del trabajo. Este cargador adaptador de corriente de 65W con cable USB Tipo-C (modelo SM65CL-01) es la solución perfecta si perdiste o dañaste tu cargador original. Equipado con tecnología Power Delivery (PD), detecta automáticamente el voltaje necesario y carga de manera segura una amplia variedad de laptops modernas (HP, Dell, Lenovo, MacBooks y más). ¡Carga rápida y segura en cualquier lugar!","- **Modelo:** SM65CL-01 (Alternativo Genérico / Compatible OEM)
- **Tipo de Conector:** USB Tipo-C (USB-C)
- **Potencia Máxima:** 65W (Compatible con dispositivos de 45W)
- **Compatibilidad:** Amplia gama de laptops con carga por puerto USB-C (HP, Dell, Lenovo, ASUS, Acer, Apple MacBooks, Samsung, etc.)."
133,Fuente de Poder 12V 10A (120W) BSY1210 con Puntas Intercambiables,120,90,Fuentes de Poder,Genérico,Negro,"¡Dale energía segura y continua a todos tus equipos! Esta fuente de alimentación industrial/casera de 12V y 10 Amperios (120W reales) es el transformador definitivo para tus proyectos. Con su conector universal de 5.5 x 2.5 mm, es perfecto para encender rollos de luces LED (5050/3528), sistemas de cámaras de seguridad CCTV, monitores LCD, impresoras 3D y amplificadores de audio sin riesgo de sobrecalentamiento.","- **Salida de Energía:** 12V DC, 10 Amperios (Potencia máxima de 120W).
- **Conector (Plug):** Barril de 5.5mm de diámetro exterior x 2.5mm de diámetro interior (compatible en muchos casos con 5.5x2.1mm).
- **Polaridad:** Centro Positivo (+), Borde Negativo (-).
- **Protecciones:** Incorpora protección contra cortocircuitos, sobretensión y sobrecorriente."
134,Fachixy FC100 Auriculares Gamer con Micrófono y Luz RGB Multiplataforma,150,120,Periféricos Gamer,Fachixy,,"¡Lleva tus partidas al siguiente nivel sin vaciar tu billetera! Los auriculares Fachixy FC100 están diseñados para ofrecer una experiencia inmersiva gracias a sus potentes drivers de 50mm. Son extremadamente cómodos y ligeros para largas sesiones de juego, y su iluminación RGB dinámica le da el toque épico a tu setup. 100% compatibles con PS4, PS5, Xbox, PC, Nintendo Switch y celulares.","- **Marca y Modelo:** Fachixy FC100.
- **Altavoces (Drivers):** 50mm de precisión para bajos profundos y sonido estéreo inmersivo.
- **Diseño:** Diadema ajustable y almohadillas supraaurales (Over-Ear) de cuero sintético transpirable muy cómodas. Peso ultra ligero.
- **Micrófono:** Integrado y ajustable, con reducción de ruido básica para chat de voz claro.
- **Iluminación:** Luces RGB dinámicas en las copas (requiere conexión USB para encender)."
135,"Auriculares Inalámbricos ZIHNIC con Cancelación Activa de Ruido, 60H Batería, Baja Latencia - Verde",280,240,Audio y Auriculares,ZIHNIC,verde,"¡Aíslate del mundo y sumérgete en tu música! Los audífonos over-ear ZIHNIC te ofrecen Cancelación Activa de Ruido (ANC) para bloquear sonidos de la calle u oficina, permitiéndote disfrutar de su sonido Hi-Fi estéreo. Su impresionante batería te da hasta 60 horas de autonomía, y su modo de ""Baja Latencia"" asegura que el audio de tus películas y videojuegos esté siempre sincronizado. Su diseño plegable y color verde mate los hacen elegantes y ultra portátiles.","- **Marca:** ZIHNIC.
- **Color:** Verde Mate (Estética minimalista y moderna).
- **Cancelación de Ruido (ANC):** Bloquea activamente ruidos constantes (motores, tráfico, zumbidos).
- **Diseño:** Diadema ajustable, plegable y copas giratorias (90°). Almohadillas de espuma viscoelástica (Memory Foam) con cuero proteico para máximo confort.
- **Audio:** Drivers de 40mm de gran apertura para bajos profundos y sonido de alta fidelidad.
- **Modo Baja Latencia:** Sincronización perfecta de audio y video para juegos móviles o películas."
136,"Tatybo Audífonos Gamer Multiplataforma con Cable, Micrófono y Luces LED",150,120,Periféricos Gamer,Tatybo,,"Descubre la verdadera inmersión en tus juegos favoritos. Los auriculares Tatybo están equipados con parlantes dinámicos de 50mm que te permiten escuchar cada paso y explosión en sonido estéreo envolvente. Su micrófono omnidireccional con cancelación de ruido garantiza que tu equipo te escuche fuerte y claro. Ultraligeros, con almohadillas de espuma viscoelástica y compatibles con todas las consolas y PC. ¡El inicio perfecto para tu setup!","- **Marca:** Tatybo.
- **Altavoces (Drivers):** 50mm de alta precisión para sonido estéreo envolvente (Surround Sound).
- **Micrófono:** Omnidireccional, flexible y con tecnología de cancelación de ruido pasiva para chat de voz cristalino.
- **Diseño:** Súper livianos (aprox. 260g) con almohadillas ergonómicas de Memory Foam (espuma viscoelástica) para evitar fatiga en las orejas.
- **Iluminación:** Acentos de luz LED en los auriculares (requiere conexión USB para encender)."
137,"XGODY Gimbal 3 Mini Proyector Inteligente Android 11, WiFi, Bluetooth - Blanco",600,500,Proyectores y Cine en Casa,XGODY,Blanco,"¡Transforma cualquier habitación en un cine privado al instante! El proyector portátil XGODY Gimbal 3 no es solo un proyector, es un Smart TV completo gracias a su sistema Android 11 integrado. Su revolucionario diseño ""Gimbal"" con soporte giratorio de 180° te permite proyectar en la pared o incluso en el techo sin complicaciones. Disfruta de tus apps favoritas (Netflix, YouTube), conecta tu celular sin cables vía WiFi o empareja tus parlantes por Bluetooth.","- **Sistema Operativo:** Android 11.0 integrado (puedes descargar apps directamente al proyector).
- **Diseño Gimbal:** Base rotatoria de 180 grados (permite proyectar en el techo sin trípodes extra).
- **Resolución:** Nativa HD (1280x720p). Soporta decodificación de videos en 1080p.
- **Brillo:** ~250 ANSI Lumens Reales (Diseñado para usarse en habitaciones oscuras o de noche).
- **Ajuste de Imagen:** Corrección Keystone automática (Auto-enfoque o ajuste de ángulo) para que la imagen siempre quede rectangular."