ID,Nombre del Producto,Categoría,Modelo / Marca,Color,Características,Detalle extendido,Precio Oficial,Precio mínimo
42,Proyector Android 8K,Tecnología,Genérico / Android 14.0,Blanco,Proyector inteligente con Android 14 y WiFi.,"Proyector inteligente que cuenta con sistema operativo Android 14 y conexión WiFi integrada, ideal para cine en casa sin necesidad de cables extra.",950,950
43,Difusor Humidificador Aromaterapia,Hogar,Genérico,Blanco,Humidificador con luz nocturna y control remoto.,Humidificador decorativo que incluye luz nocturna y control remoto para un manejo a distancia cómodo.,130,130
44,Barra de Sonido para PC,Audio,SENZER CS30,Negro,Altavoz de escritorio con iluminación RGB.,"Altavoz de escritorio diseñado para gamers o setups de PC, destacando por su iluminación dinámica RGB.",180,190
45,Aro de Luz con Soporte Superior,Tecnología,Pozliv p-light / AIXPI,Negro/Blanco,Brazo articulado para tomas cenitales y streaming.,"Sistema de iluminación con brazo articulado, diseñado específicamente para realizar tomas cenitales (desde arriba) y transmisiones de streaming.",180,180
46,Ondulador de Cabello Compacto,Cuidado Personal,TYMO ROVY,Rosa,Plancha para ondas de cabello tamaño compacto.,"Plancha para crear ondas en el cabello con un diseño de tamaño súper compacto, ideal para llevar en el bolso o de viaje.",260,400
47,Vaporizador Facial,Cuidado Personal,VAM (NTFS),Blanco/Morado,Vaporizador para limpieza facial.,Herramienta de cuidado personal para limpieza facial profunda mediante vaporización.,160,140
48,Almohadilla Térmica con Peso,Cuidado Personal,Comfytemp,Gris/Azul,Manta térmica con control de temperatura.,Manta térmica que incluye control de temperatura ajustable y cuenta con peso adicional para brindar una mayor sensación de relajación.,320,320
49,Estación de Carga Inalámbrica 3 en 1,Tecnología,HM730CCS,Negro,Cargador para teléfono reloj y audífonos.,"Base de carga múltiple que permite cargar simultáneamente un teléfono, un reloj inteligente y audífonos.",190,170
50,Luces LED para Gabinete,Hogar,LOOPTO,Blanco,Luces con sensor y control remoto.,Sistema de iluminación para muebles o gabinetes que se activa mediante sensor e incluye control remoto.,140,180
51,Micrófono USB Condensador,Tecnología,Genérico,Negro,Micrófono para PC/Streaming.,"Micrófono de condensador con conexión USB plug-and-play, optimizado para uso en PC, grabaciones o streaming.",270,250
52,Medidor de Humedad sin Clavos,Herramientas,Proster PST221,Negro/Naranja,Medidor de humedad para madera y paredes.,Herramienta de medición no destructiva (pinless) para calcular la humedad superficial en madera y paredes sin perforar el material.,290,250
53,Almohadilla Térmica Eléctrica (Tapete que calienta),Salud / Cuidado Personal,Comfytemp,Gris,Manta térmica eléctrica con control de temperatura para alivio muscular.,"Tapete eléctrico con control de temperatura, diseñado específicamente para realizar termoterapia y brindar alivio muscular.",290,320
54,Proyector Inteligente Aurzen EAZZE D1,Tecnología,Aurzen EAZZE D1,Blanco,Proyector cine en casa con apps integradas.,Proyector para cine en casa que trae aplicaciones de streaming integradas en su sistema.,950,850
55,Quita Pelusas Eléctrico,Hogar,BEAUTURAL,Turquesa,Removedor de pelusas para ropa y muebles.,Dispositivo motorizado diseñado para remover pelusas y restaurar la textura de ropa y muebles de tela.,140,110
56,Proyector de Estrellas Astronauta,Decoración / Regalos,Genérico,Blanco,Proyecta nebulosas y estrellas verdes.,Lámpara decorativa en forma de astronauta que proyecta efectos de nebulosas y estrellas láser de color verde en paredes y techos.,170,160
57,Cámara Inteligente WiFi 2K,Seguridad / Domótica,Litokam,Negro,Cámara de vigilancia 360 grados.,Cámara de vigilancia para interiores con resolución 2K y capacidad de rotación de 360 grados para un monitoreo completo.,320,270
58,Cámara de Seguridad Exterior WiFi,Seguridad / Domótica,Septekon,Negro,Monitoreo exterior con antenas duales.,"Cámara diseñada para exteriores, equipada con antenas duales para garantizar una conexión WiFi más estable.",350,250
59,Calefactor Portátil (Portable Fan Heater),Hogar,YND-500DS,Negro/Madera,Calefactor de espacio pequeño 900W.,"Mini calefactor de 900W de potencia, ideal para calentar de forma rápida espacios pequeños.",190,160
60,Teclado Plegable Bluetooth,Tecnología,Seenda,Verde/Blanco,Teclado portátil compacto con touchpad.,Teclado portátil de diseño compacto que se dobla sobre sí mismo e integra un touchpad (panel táctil) tipo laptop.,290,220
61,Lámpara Bola de Cristal 3D (Diseño Luna),Decoración / Regalos,Genérico,Transparente/Madera,Luz decorativa grabada en láser.,Lámpara decorativa con diseño de luna grabada en láser dentro de una esfera de cristal.,90,80
62,Reloj Despertador Digital LED,Decoración / Regalos,GH 0712L,Negro,Reloj de números grandes blancos y brillo automático.,Reloj de escritorio con números blancos de gran tamaño y función de ajuste de brillo automático.,80,75
63,"Aro de Luz LED 10"" con Trípode",Tecnología / Iluminación,AIXPI / Modelo L210A,Negro (la estructura y trípode) y Blanco (el difusor del aro),"Aro de luz LED de 10 pulgadas ideal para creadores de contenido, maquillaje, videollamadas y streaming. El kit incluye un trípode de pie ajustable y un soporte interno para colocar el teléfono celular.",Aro de 10 pulgadas ideal para videollamadas o maquillaje. Incluye un trípode de pie ajustable y soporte interno para colocar el celular.,190,150
64,Lámpara de Escritorio Arte de Arena 3D,Decoración / Regalos,Genérico,Azul/Blanco,Elemento decorativo relajante con arena en movimiento.,Cuadro decorativo dinámico donde la arena en su interior fluye creando paisajes relajantes en movimiento.,100,100
65,Monitor Portátil,Tecnología,Everleo,Negro,Pantalla adicional para laptops o consolas.,Pantalla externa ultraplana que sirve como segundo monitor para laptops o consolas de videojuegos.,1100,1100
66,Oxímetro de Pulso,Salud,LiteXim OX301,Blanco,Medidor de oxígeno en sangre.,Dispositivo médico digital de dedo para medir rápidamente los niveles de oxígeno en la sangre.,150,120
67,Nivel Láser con Cinta Métrica,Herramientas,LevelPro3,Negro,Herramienta de medición multipropósito.,"Herramienta 3 en 1 que combina un nivel de burbuja, un láser alineador y una cinta métrica integrada.",110,90
68,Kit de Soldador Eléctrico 60W,Herramientas / Otras,Genérico,Negro,Temperatura ajustable (200-450°C).,Cautín tipo lápiz con perilla para ajustar la temperatura entre 200°C y 450°C.,120,100
69,Barra de Sonido para PC,Audio,SOULION R30,Negro / Gris,Altavoz de escritorio compacto con iluminación LED RGB y perilla lateral iluminada.,Altavoz de escritorio compacto con una perilla lateral iluminada y efectos LED RGB.,180,190
70,Lámpara Estaca Solar LED Bola de Cristal,Hogar / Decoración Exterior,Genérico (Solar Garden Light),Transparente (Bola de cristal craquelado) con estaca Negra,Lámpara decorativa para exteriores y jardines que no requiere cableado. Panel solar integrado en la base que carga la batería durante el día y luz cálida.,Lámpara de exteriores estilo bola de cristal craquelado. Totalmente inalámbrica gracias a su panel solar que carga la batería durante el día.,70,70
71,Plancha Corrugada para Cabello (Crimper),Cuidado Personal / Belleza,Dmriektu,Negro,"Plancha diseñada con placas texturizadas (""Super hard heating plate"") especiales para crear volumen desde la raíz y ondas tipo crimped. Cuenta con calentamiento ultrarrápido, diseño de doble voltaje (100-240V) ideal para viajes, cable giratorio de 360°, ajuste de temperatura y función de apagado automático a los 60 minutos por seguridad. Además, incluye un guante térmico protector.","Plancha de doble voltaje (100-240V) con placas texturizadas especiales para dar volumen desde la raíz. Tiene cable giratorio 360°, ajuste de temperatura y auto-apagado a los 60 minutos.",180,130
72,Plancha de Cabello Profesional,Cuidado Personal / Belleza,T-Buy / Modelo QY-1088A,Plateado,"Plancha alisadora profesional (Professional Flat Iron) con calentamiento rápido, temperatura de hasta 230°C/450°F, cable giratorio de 360 grados y doble voltaje (100-240V).","Alisadora de calentamiento rápido capaz de llegar a 230°C/450°F, con diseño de doble voltaje y cable giratorio.",180,130
73,Rizador de Cabello de Tubo Largo,Cuidado Personal / Belleza,TYMO,Blanco,"Rizador con tubo extra largo (7.2 pulgadas), doble recubrimiento cerámico y bandas de silicona para crear rizos definidos y duraderos.","Rizadora especializada con un tubo extra largo (7.2 pulgadas), doble recubrimiento de cerámica y bandas de silicona para mejor agarre del cabello.",280,280
74,Combo Teclado y Mouse Inalámbrico,Tecnología / Computación,Leadsail,Verde Menta,"Combo de teclado completo con pad numérico y mouse inalámbrico silencioso. Diseño ultra delgado y estético. Conexión 2.4GHz con un solo receptor USB, teclas de tijera de bajo perfil y modo de suspensión automática.",Combo ultra delgado de conexión 2.4GHz mediante un solo receptor USB. El teclado tiene pad numérico y teclas de tijera; el mouse es silencioso y ambos cuentan con modo de suspensión.,220,190
75,Lámpara de Neón LED (Letra F),Decoración / Regalos,Genérico,Multicolor,Lámpara decorativa en forma de letra F con luces LED RGB multicolores. Se conecta mediante cargador de pared.,"Luz decorativa en forma de F con iluminación LED RGB multicolor, funcional al conectarse a un cargador de pared estándar.",50,70
76,Oxímetro de Pulso Digital de Dedo,Salud / Cuidado Personal,JUMPER / JPD-500G,Negro,"Medidor digital de saturación de oxígeno (%SpO2), frecuencia cardíaca (bpmPR) e índice de perfusión (PI%). Pantalla LED nítida, incluye estuche y cordón de transporte.","Medidor avanzado de saturación de oxígeno, frecuencia cardíaca e índice de perfusión. Posee pantalla LED de alta nitidez e incluye estuche.

* Oxímetro de Pulso Certificado por La CE.

* Conexión a Bluetooth.

* La Aplicación puede ser descargada desde dispositivos Android y IPhone.

* Recomendado para Adultos.

* Encendido: Botón ubicado en la Zona delantera del producto.

* Apagado: Automático, Luego de 6 Segundos sin uso.

* Mide parámetros de Saturación (%Sp02), Frecuencia Cardíaca (bpmPR) e Índice de Perfusión (PI%).

* Barra de Pulso.

* Rango de medición de La Saturación: 35% - 99%.

* Rango de medición de La Frecuencia Cardíaca: 35 bpm - 250 bpm.

* Rango de medición del Índice de Perfusión: 0% - 20%.

* Pantalla tipo LED de 1 Color.

* Utiliza 2 Pilas AAA.

* Dimensiones: 58 mm * 32 mm * 32,9 mm.

* Peso: 50,4 Gramos.

* Temperatura de Funcionamiento: 5°C - 40°C.
",150,100
77,Tira de Luces LED con Sensor,Hogar / Iluminación,Genérico,Blanco (Luz Cálida/RGB),"Cinta LED con sensor de movimiento infrarrojo humano, conexión USB y temporizador de 4 niveles. Ideal para bordes de cama o escaleras.",Cinta luminosa con sensor infrarrojo de movimiento humano. Se alimenta vía USB y cuenta con temporizador de apagado de 4 niveles.,90,90
78,bolígrafo de impresión 3D SCRIB3D P1,Tecnología / Arte y Diseño,SCRIB3D P1,Azul / Celeste,"Bolígrafo de impresión 3D para crear figuras y objetos tridimensionales a mano alzada. Cuenta con pantalla de temperatura, control deslizante de velocidad regulable y boquilla antiatasco compatible con filamentos PLA y ABS.","Bolígrafo para modelado 3D a mano alzada. Incluye boquilla antiatasco, pantalla de temperatura, control de velocidad de flujo y soporta filamentos PLA y ABS.",185,160
79,Parlante Bluetooth con Luz Nocturna y Carga Inalámbrica 15W,Tecnología / Audio,Genérico / 966-M6064Q,Blanco,"Dispositivo 3 en 1 que integra altavoz Bluetooth de alta fidelidad, lámpara LED táctil con iluminación ambiental multicolor y soporte con cargador inalámbrico rápido de hasta 15W.","Altavoz inalámbrico multifuncional con base de apoyo para smartphone. Posee luz nocturna LED táctil regulable, audio de alta fidelidad y estación de carga rápida Qi de 15W (requiere cargador de pared QC 2.0 o superior mayor a 18W para la carga rápida).",210,160
80,Lupa de Mano con Luz LED,Herramientas / Hogar,AIXPI / HD LED,Blanco/Negro,"Lupa de 107mm de diámetro con iluminación LED HD, ideal para lectura detallada, manualidades o niños.","Lupa de gran tamaño (107mm) que integra iluminación LED HD, perfecta para trabajos manuales y lectura fina.",100,70
81,Radios Walkie Talkie (Par),Comunicación / Tecnología,Hunicom H-628,Naranja/Negro,"Radios portátiles de 2 vías con monitoreo de canal dual, función VOX, CTCSS/DCS y potencia ajustable.","Par de radios bidireccionales portátiles equipados con monitoreo de doble canal, función manos libres (VOX), códigos de privacidad (CTCSS/DCS) y ajuste de potencia.",220,190
,,,,,,,,9145